{"cameraMode":{"drawMode":0,"name":"Shaded","section":"Shading Mode"},"sceneLighting":false,"audioPlay":false,"sceneViewState":{"m_AlwaysRefresh":false,"showFog":true,"showSkybox":false,"showFlares":true,"showImageEffects":true,"showParticleSystems":true,"showVisualEffectGraphs":true,"m_FxEnabled":true},"in2DMode":false,"pivot":{"x":2.5713977813720705,"y":1.7048277854919434,"z":14.579999923706055},"rotation":{"x":-0.425540566444397,"y":-0.07833201438188553,"z":0.03695916384458542,"w":-0.9008318781852722},"size":1.7184659242630005,"orthographic":false}